Title,Text,Score,Comments
"“ALL HAIL CHAIRMAN TRUMP! WITH HIS GLORIOUS 10% PURCHASE OF INTEL, THE SOCIALIST REPUBLIC OF AMERICA ENTERS A BOLD NEW ERA” -- California governor Newsom riles Republicans with Trump-trolling posts",,40828,1012
The United States of America now owns 10% of Intel,,16268,2179
"Artificial intelligence is 'not human' and 'not intelligent' says expert, amid rise of 'AI psychosis'",,3870,382
Scientists found the missing nutrients bees need — Colonies grew 15-fold,,3180,81
"China's Great Firewall blocked all traffic to a common HTTPS port for over an hour, severing connection to the outside world — with no hint as to its intention",,1419,91
"Silicon Valley is full of wealthy men who think they’re victims, says Nick Clegg",,11593,375
"Elon Musk’s X Agrees to Settlements With Thousands of Former Employees | The settlements are an about-face for the billionaire, whose company fought with former workers over whether it owed them severance pay",,366,10
Bernie Sanders favors Trump plan to take stake in Intel and other chipmakers,,873,246
AI looks increasingly useless in telecom and anywhere else,,3609,284
Africa Is Buying a Record Number of Chinese Solar Panels,,78,10
"US orders Orsted to halt offshore wind project, deepening industry woes",,307,36
Trump Administration Orders Work Halted on Wind Farm That Is Nearly Built,,5971,454
DC Appeals Court Shoots Down T-Mobile Claim That Selling Your Location Data Without Consent Is Perfectly Legal,,780,8
US Homeland Security Dept. says it hasn’t kept text message data since April -- “You can’t hold people accountable if you don’t know what they’re doing”: former Justice Dept. counsel,,2130,56
Doom runs surprisingly well on Anker Prime Charger — 150 MHz CPU and decent screen results in 'better than expected' FPS per mAh,,252,25
The Trump administration’s big Intel investment comes from already awarded grants,,43,9
"School phone bans expand to 35 US states, sparking national debate",,1275,756
"Roblox, one of the world's most popular gaming platforms, bans hate speech. Users have found a way to spread it anyway.",,99,5
The world’s biggest chipmaker needs to move beyond Taiwan,,60,32
An engineer restores pay phones for free public use,,498,9
Google says it dropped the energy cost of AI queries by 33x in one year,,5452,404
"FTC Chair warns tech firms not to weaken data privacy to comply with EU, UK laws",,91,9
What Were The New Jersey Drones? Former High-Ranking FAA Official Gives His Take,,38,18
"Artificial intelligence helps patients appeal health insurance claim denials | A.I. is helping write appeal letters to insurance companies in a fraction of the time it would take to write them by hand, giving patients hope.",,29,8
Google games numbers to make AI look less thirsty,,540,51
SDSU study links TikTok scrolling to poor study focus,,121,8
"A geothermal network in Colorado could help a rural town diversify its economy | Town pitches companies to take advantage of “reliable, cost-effective heating and cooling.""",,79,5
President Trump’s War On “Woke AI” Is A Civil Liberties Nightmare,,4920,248
Nvidia reportedly halts production on its H20 AI chips,,70,6
U.S. takes 10% stake in Intel as Trump flexes more power over big business,,233,108
Apple Sues Ex-Employee Who Allegedly Stole Apple Watch Secrets for Chinese Rival Oppo,,538,58
Underground Flipper Zero Firmware Purportedly Unlocks Nearly 200 Car Models,,5017,207
"To the dismay of sweaty 'movement kids,' Battlefield 6 is nerfing Call of Duty sliding and jumping to maintain a 'traditional Battlefield experience' | Battlefield 6 won't be as twitchy at launch.",,351,61
First-of-its-kind supernova reveals inner workings of a dying star: « Newly discovered supernova is ‘stripped down to the bone’ to reveal heavier elements. »,,3,2
Trump's gold-plated smartphone can't seem to decide which design to copy,,1407,91
Meta to license AI technology from start-up as in-house models lag rivals,,37,5
Hackers claim millions of PayPal accounts leaked while experts say the data looks suspiciously cheap and possibly stolen from old infostealer logs,,37,0
"OpenAI warns investors that AGI may make money obsolete, while raising billions of good ole US dollars",,1479,277
"FTC Chair warns tech firms not to weaken data privacy to comply with EU, UK laws",,339,21
OnlyFans owner paid $701m in dividends as platform readies for potential sale,,6112,233
"Free Chrome VPN extension turns malicious, silently recording user activity | Researchers warn FreeVPN.One weaponized user trust for data collection",,134,6
"MIT report says 95% of AI implementations don't increase profits, spooking Wall Street",,7078,326
DOGE Targeted Him on Social Media. Then the Taliban Took His Family.,,501,9
The warning signs the AI bubble is about to burst,,16230,1982
Trump says he’ll keep extending TikTok shutdown deadline,,1603,227
"Bank Fires Workers in Favor of AI Chatbot, Rehires Them After Chatbot Is Terrible at the Job | Yet another tale of AI's less-than-stellar employee track record has emerged.",,4068,100
Leaked documents showcase how AI is supercharging disinformation,,87,5
Germany updates: Workers worry about AI job threat,,4,1
AWS CEO Matt Garman just said what everyone is thinking about AI replacing software developers,,1784,194
Microsoft: August Windows updates cause severe streaming issues,,1856,227
